,Income,Balance,Debt,Score,Term_Long Term,Term_Short Term,Default
0,17500.0,1460.0,272.0,225.0,0,1,0
1,18500.0,890.0,970.0,187.0,1,0,0
2,20700.0,880.0,884.0,85.0,0,1,0
4,24300.0,1260.0,0.0,495.0,0,1,0
5,22900.0,1540.0,1229.0,383.0,1,0,0
6,20400.0,1200.0,0.0,556.0,0,1,0
7,24600.0,1470.0,0.0,301.0,0,1,0
8,26500.0,720.0,1866.0,243.0,1,0,0
9,25400.0,1130.0,0.0,729.0,0,1,1
10,19700.0,910.0,0.0,186.0,0,1,0
11,20600.0,820.0,1218.0,136.0,0,1,0
12,19300.0,1300.0,0.0,422.0,1,0,0
13,23700.0,1060.0,801.0,240.0,0,1,0
14,18800.0,970.0,1542.0,59.0,0,1,1
15,23200.0,610.0,0.0,325.0,0,1,0
16,18100.0,1020.0,2133.0,34.0,0,1,1
17,18400.0,940.0,892.0,195.0,0,1,1
18,17200.0,1140.0,855.0,128.0,0,1,0
19,20200.0,810.0,0.0,399.0,0,1,0
21,19900.0,1030.0,799.0,294.0,0,1,0
22,23100.0,1260.0,737.0,426.0,1,0,1
23,21200.0,730.0,975.0,88.0,0,1,0
24,16400.0,780.0,1076.0,145.0,0,1,0
25,21000.0,1480.0,0.0,447.0,0,1,0
26,18100.0,1090.0,0.0,168.0,0,1,0
27,23200.0,1260.0,460.0,487.0,0,1,0
28,17800.0,630.0,0.0,337.0,0,1,0
29,24100.0,800.0,0.0,380.0,0,1,0
30,17600.0,950.0,0.0,334.0,1,0,0
31,21800.0,940.0,568.0,244.0,0,1,0
32,22800.0,1060.0,1816.0,145.0,1,0,1
33,16600.0,730.0,0.0,257.0,0,1,0
34,22400.0,1220.0,1313.0,191.0,0,1,0
35,19500.0,1060.0,0.0,277.0,0,1,0
37,18800.0,800.0,324.0,347.0,0,1,0
38,19800.0,800.0,843.0,243.0,0,1,0
39,18700.0,580.0,0.0,233.0,0,1,0
40,23700.0,880.0,703.0,316.0,0,1,1
41,19800.0,940.0,0.0,371.0,0,1,0
42,20600.0,1640.0,91.0,517.0,0,1,0
43,14500.0,1110.0,0.0,296.0,1,0,0
44,25600.0,920.0,227.0,318.0,0,1,0
45,20200.0,920.0,1977.0,56.0,0,1,1
46,19900.0,900.0,438.0,338.0,0,1,0
47,19000.0,640.0,449.0,201.0,0,1,0
48,17400.0,1360.0,0.0,324.0,0,1,0
49,21300.0,830.0,793.0,237.0,0,1,0
50,23600.0,860.0,0.0,350.0,1,0,0
51,18600.0,520.0,500.0,268.0,0,1,0
52,20000.0,1220.0,2698.0,10.0,0,1,1
53,17700.0,640.0,0.0,289.0,0,1,0
54,25000.0,1360.0,0.0,465.0,0,1,0
55,20400.0,1040.0,446.0,247.0,0,1,0
56,20000.0,1080.0,0.0,505.0,0,1,0
57,21200.0,1020.0,984.0,250.0,0,1,0
58,28300.0,1070.0,1010.0,507.0,0,1,0
59,15300.0,1200.0,0.0,273.0,0,1,0
60,18400.0,1070.0,535.0,216.0,0,1,0
62,16600.0,1180.0,539.0,245.0,0,1,0
63,17600.0,900.0,518.0,221.0,1,0,0
64,21400.0,820.0,234.0,369.0,1,0,0
65,21400.0,870.0,271.0,310.0,0,1,0
66,19800.0,1260.0,0.0,229.0,0,1,0
67,18700.0,390.0,0.0,349.0,0,1,0
68,23300.0,1290.0,0.0,218.0,0,1,0
69,22600.0,1140.0,979.0,258.0,0,1,1
70,18800.0,1090.0,0.0,301.0,0,1,0
71,20600.0,630.0,758.0,265.0,0,1,0
72,25800.0,510.0,0.0,337.0,1,0,0
73,16100.0,900.0,0.0,294.0,0,1,0
74,21500.0,930.0,0.0,364.0,1,0,0
75,23900.0,620.0,0.0,225.0,0,1,0
76,24200.0,1160.0,0.0,341.0,0,1,0
77,22100.0,1630.0,0.0,582.0,0,1,0
78,20400.0,1090.0,0.0,406.0,0,1,0
79,22100.0,950.0,416.0,353.0,0,1,0
80,23500.0,650.0,0.0,348.0,0,1,0
81,17900.0,970.0,845.0,108.0,1,0,0
82,18200.0,1170.0,499.0,287.0,1,0,0
83,21900.0,1160.0,0.0,155.0,0,1,0
84,21800.0,1640.0,1055.0,272.0,0,1,1
85,24400.0,750.0,2573.0,71.0,0,1,1
87,19800.0,830.0,1172.0,215.0,0,1,0
88,22300.0,1210.0,0.0,424.0,0,1,0
89,24000.0,990.0,0.0,541.0,0,1,0
90,17600.0,1010.0,556.0,350.0,1,0,0
91,19800.0,1370.0,694.0,363.0,0,1,0
92,15000.0,1040.0,417.0,83.0,0,1,0
93,18900.0,1170.0,706.0,153.0,0,1,0
94,26600.0,980.0,0.0,308.0,0,1,0
95,19400.0,1080.0,0.0,436.0,0,1,0
96,19000.0,1550.0,366.0,228.0,0,1,0
97,22900.0,1380.0,0.0,174.0,1,0,0
98,21400.0,1050.0,0.0,453.0,0,1,0
99,18000.0,910.0,261.0,362.0,0,1,0
100,19200.0,1010.0,0.0,242.0,0,1,0
101,19500.0,630.0,416.0,280.0,0,1,0
102,20400.0,880.0,256.0,224.0,0,1,0
103,20800.0,1220.0,0.0,347.0,0,1,0
104,18100.0,850.0,0.0,274.0,0,1,0
105,22100.0,910.0,0.0,531.0,0,1,0
106,21700.0,910.0,171.0,425.0,0,1,0
107,24300.0,850.0,0.0,254.0,0,1,0
108,21900.0,990.0,0.0,429.0,0,1,0
109,22200.0,1300.0,0.0,285.0,1,0,0
110,20400.0,1230.0,1352.0,237.0,1,0,0
111,17300.0,1190.0,0.0,324.0,0,1,0
112,22700.0,1070.0,0.0,415.0,0,1,0
113,22600.0,1470.0,0.0,433.0,1,0,0
114,20000.0,690.0,1378.0,141.0,0,1,0
115,16900.0,900.0,1170.0,116.0,0,1,0
116,21700.0,1030.0,0.0,608.0,0,1,0
117,20200.0,1230.0,0.0,309.0,0,1,0
118,24800.0,760.0,0.0,554.0,0,1,0
119,22300.0,700.0,1388.0,198.0,0,1,0
120,18500.0,990.0,65.0,381.0,0,1,0
121,25200.0,1300.0,804.0,583.0,0,1,0
122,19200.0,1410.0,0.0,134.0,1,0,0
123,18400.0,1210.0,0.0,403.0,0,1,0
124,24600.0,1200.0,0.0,385.0,0,1,1
125,20500.0,1210.0,1471.0,193.0,0,1,1
126,22900.0,910.0,284.0,256.0,1,0,0
127,22500.0,830.0,1027.0,145.0,0,1,0
128,23000.0,1010.0,930.0,325.0,1,0,0
129,16900.0,1310.0,162.0,166.0,0,1,0
130,15800.0,1440.0,228.0,198.0,0,1,0
131,19300.0,970.0,455.0,357.0,0,1,0
132,17900.0,950.0,0.0,86.0,0,1,0
133,15900.0,1010.0,0.0,344.0,0,1,0
134,17700.0,1940.0,0.0,309.0,0,1,0
135,15100.0,1340.0,0.0,215.0,1,0,0
136,20500.0,1120.0,0.0,427.0,0,1,0
137,17900.0,1000.0,0.0,130.0,0,1,0
138,21600.0,730.0,1119.0,184.0,1,0,0
139,21700.0,1000.0,270.0,330.0,0,1,0
140,19000.0,140.0,1185.0,125.0,1,0,0
141,23100.0,1200.0,0.0,333.0,0,1,0
142,23200.0,1310.0,2003.0,264.0,0,1,1
143,19200.0,640.0,322.0,130.0,0,1,0
144,19800.0,1140.0,0.0,193.0,0,1,0
145,20700.0,950.0,1089.0,310.0,0,1,0
146,21600.0,770.0,330.0,290.0,0,1,0
147,19900.0,740.0,0.0,403.0,1,0,0
148,19600.0,1300.0,0.0,338.0,1,0,0
149,17500.0,1040.0,1695.0,89.0,0,1,1
150,17900.0,1050.0,260.0,163.0,0,1,0
151,20200.0,1210.0,318.0,317.0,0,1,0
152,22200.0,1130.0,990.0,141.0,0,1,0
153,18300.0,1240.0,0.0,260.0,0,1,1
154,17600.0,1260.0,1910.0,44.0,0,1,1
155,20600.0,690.0,0.0,174.0,0,1,0
156,18500.0,1030.0,0.0,300.0,0,1,0
157,24600.0,1020.0,0.0,552.0,0,1,0
158,21500.0,590.0,1811.0,156.0,0,1,1
159,20700.0,1070.0,2713.0,12.0,0,1,1
160,20400.0,710.0,1022.0,246.0,1,0,0
161,21300.0,860.0,1347.0,120.0,1,0,0
163,14600.0,860.0,536.0,204.0,0,1,0
164,23800.0,610.0,0.0,222.0,0,1,0
165,19300.0,1060.0,225.0,317.0,1,0,0
166,15200.0,1020.0,0.0,288.0,0,1,0
167,19100.0,1490.0,0.0,174.0,0,1,0
168,17500.0,1170.0,971.0,131.0,0,1,0
169,18600.0,890.0,0.0,291.0,0,1,1
170,18800.0,1020.0,0.0,432.0,1,0,0
171,21600.0,780.0,922.0,295.0,0,1,0
172,21700.0,1080.0,297.0,473.0,0,1,0
173,20800.0,1310.0,0.0,381.0,0,1,0
174,23300.0,1190.0,628.0,375.0,1,0,0
175,15100.0,980.0,0.0,279.0,0,1,0
176,17300.0,540.0,2130.0,4.0,0,1,1
177,17900.0,830.0,2272.0,5.0,0,1,1
178,25500.0,690.0,374.0,415.0,1,0,0
179,19900.0,1070.0,185.0,219.0,1,0,0
180,19000.0,1480.0,560.0,141.0,1,0,0
181,16100.0,940.0,0.0,353.0,1,0,0
182,24000.0,1040.0,0.0,508.0,0,1,0
183,20300.0,540.0,0.0,389.0,0,1,0
184,18200.0,1370.0,0.0,390.0,0,1,0
185,15900.0,1240.0,400.0,223.0,1,0,0
186,20100.0,650.0,0.0,216.0,1,0,0
187,19500.0,1440.0,0.0,452.0,0,1,0
188,19200.0,480.0,0.0,298.0,1,0,0
189,20300.0,1170.0,306.0,404.0,0,1,0
190,21400.0,800.0,0.0,252.0,0,1,0
191,18900.0,1100.0,565.0,120.0,0,1,0
192,20400.0,1080.0,0.0,370.0,0,1,0
193,20900.0,1210.0,1582.0,270.0,0,1,1
194,18500.0,890.0,0.0,143.0,0,1,0
195,19000.0,830.0,684.0,198.0,0,1,0
196,25200.0,690.0,0.0,481.0,0,1,0
197,16300.0,1090.0,0.0,323.0,0,1,0
198,19400.0,790.0,822.0,193.0,0,1,0
199,20800.0,1070.0,730.0,255.0,0,1,0
200,16200.0,830.0,0.0,240.0,0,1,0
201,16900.0,1030.0,1045.0,218.0,0,1,0
202,17200.0,570.0,0.0,114.0,0,1,0
203,18000.0,900.0,135.0,259.0,0,1,0
204,17000.0,980.0,906.0,108.0,1,0,0
205,19600.0,1110.0,2408.0,51.0,0,1,1
206,24100.0,740.0,629.0,290.0,1,0,0
207,21600.0,1350.0,1422.0,196.0,0,1,0
208,19500.0,1000.0,0.0,448.0,0,1,0
209,19300.0,600.0,96.0,388.0,1,0,0
210,18000.0,990.0,502.0,252.0,0,1,0
211,22000.0,1430.0,0.0,301.0,0,1,0
212,22400.0,890.0,1044.0,242.0,0,1,0
213,22600.0,1030.0,0.0,498.0,0,1,0
214,15700.0,1180.0,1347.0,85.0,0,1,1
215,22700.0,840.0,384.0,293.0,0,1,0
216,18100.0,620.0,1236.0,118.0,0,1,0
217,22800.0,870.0,0.0,306.0,1,0,0
218,20300.0,1090.0,701.0,321.0,1,0,0
219,20200.0,650.0,1378.0,220.0,0,1,0
220,20200.0,990.0,0.0,349.0,0,1,0
222,17700.0,930.0,920.0,142.0,1,0,0
223,19700.0,1080.0,21.0,445.0,0,1,0
224,21400.0,660.0,716.0,24.0,1,0,0
225,18400.0,1160.0,0.0,377.0,0,1,0
226,19000.0,640.0,153.0,125.0,0,1,0
227,19100.0,840.0,728.0,235.0,0,1,0
228,21100.0,870.0,513.0,259.0,0,1,0
229,17900.0,580.0,0.0,151.0,0,1,0
230,21500.0,720.0,0.0,212.0,1,0,0
231,18900.0,920.0,0.0,171.0,0,1,1
232,21900.0,1050.0,1322.0,223.0,0,1,0
233,21600.0,820.0,98.0,281.0,0,1,0
234,23000.0,830.0,244.0,242.0,0,1,0
235,19900.0,1560.0,0.0,273.0,1,0,1
236,20600.0,1160.0,0.0,458.0,0,1,0
237,21800.0,1010.0,0.0,537.0,0,1,0
238,20600.0,930.0,0.0,482.0,0,1,1
239,20600.0,1250.0,0.0,374.0,0,1,0
240,16000.0,820.0,932.0,119.0,0,1,0
241,17900.0,1190.0,203.0,387.0,0,1,0
242,21500.0,810.0,1752.0,138.0,0,1,1
243,21400.0,750.0,644.0,448.0,1,0,0
244,17300.0,930.0,0.0,228.0,0,1,0
245,18600.0,1240.0,508.0,271.0,0,1,0
246,17300.0,950.0,366.0,277.0,0,1,0
247,18800.0,700.0,0.0,288.0,0,1,0
248,17400.0,840.0,0.0,298.0,1,0,0
249,16500.0,610.0,751.0,192.0,1,0,0
250,15100.0,1010.0,1085.0,149.0,1,0,1
251,19500.0,830.0,36.0,361.0,0,1,0
252,23800.0,1130.0,0.0,581.0,1,0,0
253,16300.0,1090.0,1147.0,120.0,0,1,0
254,24700.0,1470.0,0.0,299.0,0,1,0
255,22900.0,1080.0,0.0,539.0,0,1,0
256,17700.0,1140.0,229.0,154.0,0,1,0
257,17200.0,1100.0,0.0,149.0,0,1,0
258,21800.0,1110.0,0.0,437.0,0,1,0
259,22400.0,730.0,0.0,439.0,0,1,0
260,20600.0,470.0,0.0,146.0,0,1,0
261,18100.0,1020.0,782.0,230.0,0,1,0
262,22300.0,1220.0,155.0,361.0,0,1,0
263,18700.0,1000.0,553.0,242.0,0,1,0
264,19600.0,1130.0,1447.0,192.0,0,1,1
265,20700.0,1130.0,0.0,287.0,0,1,0
266,20800.0,660.0,0.0,367.0,1,0,0
267,20800.0,930.0,617.0,376.0,0,1,0
268,22000.0,1170.0,0.0,398.0,0,1,0
269,19800.0,1080.0,15.0,297.0,0,1,0
270,19300.0,910.0,0.0,219.0,0,1,0
271,19500.0,1200.0,0.0,343.0,0,1,0
272,17300.0,1470.0,0.0,310.0,1,0,0
273,20700.0,1440.0,1144.0,214.0,1,0,0
274,22900.0,980.0,0.0,468.0,1,0,0
275,20500.0,1300.0,0.0,250.0,1,0,0
276,19800.0,1420.0,1254.0,217.0,0,1,0
277,24800.0,1170.0,547.0,0.0,1,0,1
278,20600.0,750.0,0.0,255.0,0,1,0
279,20000.0,860.0,776.0,332.0,1,0,0
280,21700.0,1110.0,109.0,333.0,0,1,0
281,19400.0,770.0,0.0,313.0,0,1,0
282,18000.0,1130.0,0.0,320.0,0,1,0
283,19500.0,1360.0,367.0,233.0,0,1,0
284,17000.0,670.0,308.0,161.0,1,0,0
285,18700.0,990.0,159.0,182.0,0,1,0
286,21300.0,630.0,988.0,290.0,0,1,0
287,21000.0,990.0,0.0,488.0,0,1,0
288,21000.0,920.0,2048.0,132.0,0,1,1
289,24700.0,840.0,0.0,281.0,0,1,0
290,19900.0,1080.0,0.0,255.0,0,1,0
291,22200.0,1080.0,0.0,466.0,1,0,0
292,21500.0,1240.0,0.0,338.0,0,1,0
293,17000.0,970.0,759.0,228.0,0,1,0
294,19200.0,1010.0,1276.0,160.0,0,1,0
295,20000.0,1270.0,0.0,309.0,0,1,0
296,22900.0,810.0,839.0,222.0,0,1,0
297,20500.0,1380.0,1361.0,86.0,0,1,0
298,18500.0,1040.0,0.0,246.0,1,0,0
299,18100.0,1180.0,0.0,407.0,1,0,1
300,21400.0,1120.0,0.0,380.0,0,1,0
301,20100.0,1220.0,832.0,223.0,0,1,0
302,20400.0,1000.0,0.0,279.0,0,1,0
303,24300.0,1080.0,372.0,279.0,0,1,0
304,22300.0,1120.0,0.0,243.0,0,1,0
305,23100.0,620.0,0.0,427.0,0,1,0
306,19600.0,1050.0,559.0,270.0,0,1,0
307,20900.0,660.0,778.0,259.0,0,1,0
308,21500.0,1210.0,0.0,439.0,0,1,0
309,18300.0,1000.0,0.0,398.0,0,1,0
310,17100.0,1240.0,467.0,226.0,1,0,0
311,16500.0,530.0,0.0,273.0,0,1,0
312,19900.0,920.0,0.0,398.0,1,0,0
313,19100.0,850.0,203.0,220.0,1,0,0
314,18300.0,530.0,0.0,295.0,0,1,0
315,17600.0,710.0,155.0,108.0,0,1,0
316,16600.0,1130.0,0.0,316.0,0,1,0
317,19900.0,1380.0,0.0,472.0,1,0,0
318,23300.0,1070.0,523.0,437.0,1,0,0
319,18200.0,1500.0,0.0,316.0,0,1,0
320,22800.0,850.0,0.0,468.0,0,1,0
321,22800.0,1640.0,0.0,432.0,1,0,0
322,18900.0,830.0,1520.0,84.0,0,1,1
323,16700.0,610.0,0.0,201.0,0,1,0
324,23300.0,790.0,1021.0,266.0,0,1,0
325,22500.0,900.0,769.0,278.0,0,1,0
326,23100.0,760.0,431.0,307.0,0,1,0
327,18100.0,1300.0,588.0,231.0,1,0,0
328,19500.0,1390.0,0.0,414.0,0,1,0
329,20600.0,540.0,725.0,303.0,0,1,0
330,22200.0,640.0,0.0,513.0,0,1,0
331,22100.0,1080.0,96.0,379.0,0,1,0
332,20600.0,1230.0,732.0,212.0,0,1,0
333,22400.0,1200.0,0.0,277.0,0,1,0
334,18600.0,770.0,0.0,272.0,0,1,0
335,17100.0,1170.0,415.0,191.0,0,1,0
336,21100.0,1000.0,157.0,443.0,0,1,0
337,17400.0,790.0,304.0,319.0,0,1,0
339,17400.0,1130.0,1451.0,56.0,0,1,1
340,23300.0,1270.0,759.0,399.0,1,0,0
341,18000.0,620.0,0.0,271.0,1,0,0
342,19700.0,620.0,0.0,321.0,0,1,0
343,21600.0,940.0,0.0,546.0,0,1,1
344,18200.0,940.0,0.0,292.0,1,0,0
345,24700.0,1120.0,656.0,366.0,0,1,0
346,21900.0,750.0,0.0,335.0,0,1,0
347,21900.0,1080.0,0.0,483.0,0,1,0
348,21200.0,640.0,1060.0,275.0,0,1,1
349,17300.0,920.0,1410.0,87.0,1,0,1
350,16300.0,570.0,0.0,357.0,0,1,0
351,17800.0,1210.0,0.0,206.0,1,0,0
352,23600.0,1130.0,1660.0,164.0,0,1,0
353,20900.0,1130.0,0.0,407.0,0,1,0
354,18900.0,1200.0,0.0,301.0,0,1,0
355,19200.0,760.0,826.0,180.0,0,1,0
356,18500.0,940.0,1064.0,129.0,0,1,0
358,16400.0,1030.0,916.0,78.0,0,1,0
359,21200.0,920.0,458.0,268.0,0,1,0
360,19400.0,1520.0,0.0,414.0,0,1,0
362,25300.0,1060.0,0.0,235.0,0,1,0
363,21300.0,540.0,0.0,443.0,0,1,0
364,24400.0,900.0,0.0,458.0,0,1,0
365,17200.0,750.0,0.0,202.0,0,1,0
366,20900.0,1050.0,0.0,341.0,0,1,0
367,17000.0,760.0,1105.0,129.0,0,1,0
368,20600.0,750.0,0.0,434.0,1,0,0
369,19400.0,870.0,1093.0,104.0,0,1,0
370,20000.0,1230.0,518.0,131.0,0,1,0
371,20100.0,1360.0,1250.0,140.0,0,1,0
372,14300.0,1190.0,87.0,63.0,0,1,0
373,16700.0,860.0,186.0,423.0,0,1,0
374,23000.0,890.0,1659.0,199.0,0,1,1
375,20800.0,1220.0,0.0,372.0,0,1,0
376,20400.0,1220.0,0.0,538.0,1,0,0
377,19300.0,1260.0,686.0,240.0,0,1,0
378,20400.0,1010.0,1184.0,286.0,0,1,0
379,19500.0,1290.0,0.0,201.0,0,1,0
380,17400.0,1090.0,957.0,167.0,0,1,0
381,18100.0,1070.0,0.0,214.0,0,1,0
382,19200.0,1110.0,716.0,234.0,0,1,0
384,19300.0,990.0,456.0,378.0,0,1,0
385,19300.0,630.0,847.0,115.0,0,1,0
386,19100.0,1290.0,0.0,162.0,0,1,0
387,14600.0,1470.0,1345.0,97.0,0,1,1
389,21700.0,900.0,0.0,180.0,1,0,0
390,17500.0,640.0,418.0,303.0,0,1,1
391,22300.0,880.0,0.0,376.0,0,1,0
392,22800.0,830.0,0.0,411.0,0,1,0
393,18900.0,1120.0,790.0,218.0,1,0,0
394,22400.0,720.0,524.0,320.0,0,1,0
395,22800.0,1640.0,1944.0,121.0,0,1,1
396,17900.0,1190.0,0.0,291.0,1,0,0
397,20600.0,550.0,0.0,344.0,0,1,0
398,23800.0,1050.0,1057.0,107.0,0,1,1
399,18200.0,880.0,0.0,134.0,0,1,0
400,20400.0,1160.0,0.0,272.0,1,0,1
401,20800.0,1010.0,594.0,350.0,1,0,0
402,24200.0,1130.0,1571.0,220.0,1,0,0
403,24600.0,1300.0,0.0,303.0,0,1,0
404,20800.0,780.0,1.0,243.0,0,1,0
405,18800.0,930.0,0.0,238.0,0,1,0
406,21900.0,1360.0,0.0,490.0,1,0,0
407,20500.0,940.0,0.0,340.0,0,1,0
408,21600.0,900.0,147.0,323.0,0,1,0
409,25700.0,1110.0,964.0,330.0,1,0,0
410,17700.0,1180.0,0.0,351.0,1,0,0
411,19100.0,1480.0,532.0,259.0,0,1,0
412,22900.0,1290.0,789.0,305.0,0,1,0
413,20700.0,860.0,461.0,237.0,0,1,0
414,22900.0,1410.0,0.0,485.0,0,1,0
415,20400.0,1230.0,308.0,238.0,1,0,0
416,17700.0,710.0,0.0,187.0,0,1,0
417,17200.0,1160.0,0.0,274.0,0,1,0
418,20200.0,1430.0,18.0,321.0,0,1,0
419,13800.0,1040.0,0.0,180.0,0,1,0
420,22900.0,1280.0,0.0,450.0,0,1,0
421,17300.0,720.0,0.0,193.0,0,1,0
422,25000.0,1100.0,1570.0,201.0,0,1,0
423,21900.0,790.0,0.0,476.0,0,1,0
424,21000.0,530.0,0.0,384.0,0,1,1
425,19600.0,640.0,0.0,295.0,0,1,0
426,19300.0,1420.0,0.0,312.0,0,1,0
427,22200.0,940.0,53.0,502.0,0,1,0
428,16700.0,1230.0,0.0,207.0,0,1,0
429,21300.0,1020.0,2156.0,83.0,1,0,1
430,23400.0,980.0,1455.0,249.0,1,0,0
431,20800.0,960.0,0.0,261.0,0,1,0
432,20000.0,740.0,0.0,244.0,0,1,0
433,20000.0,910.0,1221.0,265.0,0,1,0
434,22700.0,1130.0,0.0,279.0,1,0,0
435,20400.0,950.0,0.0,268.0,0,1,0
436,23800.0,1610.0,0.0,241.0,0,1,0
437,19300.0,1270.0,1210.0,240.0,0,1,0
438,20900.0,950.0,0.0,230.0,0,1,0
439,17000.0,1060.0,696.0,125.0,0,1,0
440,19100.0,1410.0,0.0,348.0,0,1,0
441,23000.0,1110.0,0.0,478.0,0,1,0
442,21500.0,1080.0,0.0,296.0,0,1,0
443,21100.0,610.0,0.0,196.0,1,0,1
444,13700.0,1130.0,381.0,179.0,0,1,0
445,15100.0,390.0,617.0,152.0,0,1,0
446,18900.0,870.0,0.0,253.0,1,0,0
447,19700.0,890.0,0.0,342.0,0,1,0
448,20400.0,970.0,905.0,183.0,0,1,0
449,21000.0,1140.0,1781.0,169.0,0,1,1
450,17400.0,1040.0,853.0,127.0,0,1,0
451,17600.0,850.0,1780.0,44.0,1,0,1
452,23400.0,1270.0,70.0,271.0,0,1,0
453,20700.0,1650.0,0.0,533.0,0,1,0
454,20600.0,880.0,1556.0,175.0,1,0,1
455,18300.0,830.0,0.0,285.0,0,1,0
456,20700.0,780.0,0.0,431.0,1,0,0
457,18600.0,890.0,1096.0,132.0,0,1,0
458,21400.0,1150.0,0.0,162.0,0,1,0
459,21700.0,800.0,0.0,324.0,0,1,0
460,19400.0,910.0,0.0,307.0,0,1,0
461,16700.0,690.0,0.0,122.0,0,1,0
462,20800.0,1150.0,0.0,345.0,0,1,0
463,23400.0,1050.0,0.0,115.0,0,1,1
464,21700.0,620.0,965.0,186.0,0,1,0
465,21000.0,1310.0,0.0,462.0,1,0,0
466,14400.0,1150.0,279.0,309.0,0,1,0
467,19900.0,1100.0,0.0,236.0,0,1,0
468,20300.0,940.0,0.0,133.0,0,1,0
469,22000.0,930.0,0.0,248.0,0,1,0
470,18600.0,1280.0,0.0,394.0,0,1,0
471,21000.0,1450.0,780.0,161.0,0,1,0
472,19000.0,680.0,0.0,282.0,1,0,0
473,23600.0,1390.0,1652.0,174.0,0,1,0
474,19900.0,490.0,332.0,378.0,0,1,0
475,18900.0,830.0,0.0,161.0,0,1,0
476,17300.0,1090.0,271.0,302.0,0,1,0
477,21600.0,870.0,0.0,368.0,0,1,0
478,22900.0,1190.0,14.0,267.0,1,0,0
479,22200.0,1460.0,0.0,156.0,0,1,0
480,21900.0,1090.0,982.0,283.0,0,1,0
481,18000.0,1400.0,78.0,159.0,0,1,0
482,21500.0,640.0,3470.0,0.0,0,1,1
484,20500.0,1230.0,493.0,349.0,0,1,0
485,20600.0,830.0,0.0,273.0,0,1,0
486,18700.0,1190.0,0.0,474.0,0,1,0
487,17300.0,1020.0,0.0,401.0,0,1,0
488,23900.0,860.0,168.0,409.0,0,1,0
489,18700.0,910.0,496.0,201.0,0,1,0
490,17000.0,360.0,1537.0,49.0,0,1,1
491,21200.0,360.0,575.0,250.0,0,1,0
492,20200.0,1130.0,1434.0,71.0,0,1,1
493,19900.0,1110.0,2193.0,75.0,0,1,1
494,24000.0,720.0,223.0,459.0,0,1,0
495,21900.0,1330.0,1515.0,72.0,1,0,0
496,19200.0,710.0,0.0,204.0,0,1,0
497,20100.0,1050.0,0.0,353.0,0,1,0
498,16100.0,1070.0,76.0,218.0,1,0,0
499,21300.0,1070.0,0.0,191.0,0,1,0
500,45000.0,1450.0,0.0,1000.0,1,0,0
501,44800.0,910.0,929.0,764.0,1,0,0
502,47900.0,1040.0,218.0,829.0,1,0,0
503,35500.0,1240.0,0.0,818.0,1,0,0
504,40300.0,1380.0,1753.0,595.0,0,1,0
505,44400.0,1270.0,738.0,1000.0,0,1,0
506,42300.0,500.0,2784.0,400.0,0,1,0
507,41900.0,720.0,1225.0,834.0,0,1,0
508,37900.0,1530.0,0.0,595.0,0,1,0
509,44200.0,1190.0,65.0,838.0,0,1,1
510,45500.0,890.0,0.0,766.0,1,0,0
511,43200.0,1250.0,1352.0,524.0,1,0,0
512,40400.0,1040.0,436.0,727.0,0,1,0
513,41800.0,1390.0,4296.0,157.0,0,1,1
514,29400.0,1460.0,0.0,603.0,0,1,0
515,32800.0,1160.0,0.0,885.0,0,1,0
516,51000.0,1210.0,0.0,858.0,0,1,0
517,34900.0,1120.0,1557.0,524.0,0,1,0
518,33800.0,1140.0,22.0,437.0,1,0,0
519,38300.0,1410.0,0.0,879.0,1,0,0
520,43500.0,1330.0,1440.0,398.0,0,1,0
521,35700.0,1570.0,0.0,609.0,1,0,1
522,36200.0,1650.0,685.0,528.0,0,1,0
523,44100.0,1490.0,0.0,883.0,1,0,0
524,44000.0,1320.0,632.0,556.0,1,0,0
525,39100.0,1410.0,0.0,734.0,1,0,0
526,38700.0,1420.0,551.0,636.0,1,0,1
527,33800.0,1590.0,0.0,672.0,1,0,0
528,40000.0,1570.0,923.0,736.0,0,1,0
529,37900.0,1810.0,0.0,573.0,0,1,0
530,36700.0,1700.0,2882.0,352.0,1,0,1
531,37800.0,1070.0,0.0,741.0,1,0,0
532,35500.0,1820.0,0.0,698.0,1,0,0
533,45700.0,1110.0,0.0,886.0,0,1,0
534,32800.0,780.0,0.0,378.0,1,0,0
536,37400.0,530.0,0.0,524.0,1,0,0
537,48400.0,1620.0,579.0,732.0,0,1,0
538,33000.0,1710.0,0.0,648.0,0,1,0
539,33700.0,1240.0,980.0,758.0,0,1,0
540,35000.0,1720.0,0.0,482.0,0,1,0
541,32800.0,970.0,0.0,460.0,1,0,0
542,50700.0,1790.0,1499.0,1000.0,1,0,0
543,43600.0,760.0,983.0,812.0,0,1,0
544,39600.0,910.0,1052.0,525.0,0,1,0
545,42600.0,1210.0,0.0,788.0,0,1,0
546,39200.0,1270.0,0.0,897.0,1,0,0
547,38000.0,1480.0,0.0,850.0,0,1,0
548,32200.0,1090.0,0.0,754.0,1,0,0
549,33900.0,1010.0,1404.0,456.0,0,1,0
550,34800.0,1300.0,1209.0,560.0,1,0,0
551,35200.0,1560.0,1165.0,476.0,0,1,0
552,36500.0,1700.0,1534.0,561.0,0,1,0
553,41600.0,1400.0,0.0,618.0,0,1,0
554,40200.0,1250.0,1008.0,158.0,0,1,0
555,39000.0,1390.0,0.0,1000.0,0,1,0
556,47100.0,970.0,1459.0,847.0,0,1,0
557,41400.0,1210.0,0.0,628.0,0,1,0
558,42400.0,1290.0,1459.0,544.0,1,0,0
559,37100.0,1030.0,0.0,661.0,1,0,0
560,44900.0,1190.0,419.0,761.0,0,1,0
561,37900.0,1290.0,540.0,934.0,0,1,0
562,48000.0,1240.0,0.0,722.0,0,1,0
564,46600.0,1300.0,136.0,847.0,1,0,0
565,33000.0,1090.0,23.0,682.0,0,1,0
566,35100.0,1430.0,449.0,602.0,0,1,0
567,34200.0,1190.0,2759.0,302.0,0,1,1
568,44700.0,1150.0,253.0,954.0,1,0,0
569,29500.0,920.0,0.0,675.0,0,1,0
570,48100.0,1320.0,0.0,577.0,1,0,0
571,38600.0,1350.0,1010.0,703.0,1,0,0
572,45500.0,1780.0,0.0,792.0,1,0,0
573,41700.0,1100.0,3829.0,254.0,1,0,1
574,37900.0,1350.0,0.0,904.0,1,0,0
575,42900.0,1410.0,0.0,652.0,0,1,0
576,32700.0,1120.0,0.0,619.0,0,1,0
577,37900.0,1570.0,0.0,988.0,0,1,0
578,42100.0,1290.0,270.0,731.0,0,1,0
579,43600.0,1120.0,1461.0,1000.0,1,0,0
580,45300.0,1430.0,422.0,646.0,1,0,0
581,41900.0,1720.0,1884.0,372.0,1,0,0
582,42500.0,1020.0,0.0,811.0,0,1,0
583,34600.0,1160.0,0.0,846.0,0,1,1
584,43000.0,1060.0,276.0,674.0,0,1,0
585,46500.0,1140.0,1554.0,634.0,0,1,0
586,43400.0,1740.0,610.0,742.0,1,0,0
587,28600.0,860.0,0.0,466.0,1,0,0
588,38000.0,1000.0,0.0,774.0,0,1,0
590,38100.0,1230.0,790.0,560.0,1,0,1
591,41100.0,1540.0,784.0,732.0,0,1,0
592,34600.0,990.0,2218.0,410.0,1,0,0
593,45900.0,1750.0,0.0,666.0,1,0,0
594,37600.0,1150.0,3073.0,254.0,1,0,1
595,37200.0,1780.0,0.0,780.0,1,0,0
596,38000.0,1760.0,204.0,889.0,0,1,0
597,39200.0,1020.0,29.0,654.0,0,1,0
598,43500.0,1160.0,0.0,931.0,0,1,0
599,41300.0,1720.0,1022.0,867.0,0,1,0
600,29000.0,1450.0,0.0,497.0,0,1,0
601,49200.0,1140.0,1758.0,392.0,0,1,0
602,35900.0,1780.0,529.0,886.0,1,0,0
603,47800.0,1120.0,0.0,894.0,1,0,0
604,34000.0,1460.0,2317.0,337.0,0,1,1
605,44500.0,740.0,0.0,972.0,0,1,0
606,45500.0,690.0,0.0,796.0,1,0,0
607,42900.0,1030.0,0.0,988.0,0,1,0
608,39700.0,1410.0,4027.0,249.0,0,1,1
609,37100.0,1210.0,325.0,550.0,1,0,0
610,43700.0,1020.0,17.0,849.0,0,1,0
611,30800.0,1790.0,0.0,446.0,1,0,0
612,46700.0,890.0,0.0,580.0,1,0,0
613,33900.0,1540.0,2222.0,503.0,0,1,0
614,44200.0,1630.0,752.0,596.0,1,0,0
616,43000.0,1420.0,0.0,1000.0,1,0,0
617,39400.0,960.0,1471.0,641.0,0,1,0
618,41300.0,1080.0,0.0,831.0,1,0,0
619,41400.0,1330.0,0.0,883.0,0,1,0
620,41500.0,1170.0,332.0,683.0,1,0,1
621,42000.0,1510.0,0.0,875.0,1,0,0
622,39500.0,1210.0,778.0,826.0,0,1,0
623,41900.0,1410.0,1330.0,822.0,0,1,0
624,35700.0,1120.0,650.0,624.0,0,1,0
625,45800.0,1100.0,733.0,707.0,1,0,0
626,37300.0,1280.0,1698.0,578.0,0,1,0
627,34700.0,1710.0,0.0,288.0,0,1,0
628,32100.0,1560.0,1448.0,296.0,0,1,0
629,42400.0,1400.0,347.0,642.0,1,0,0
630,41800.0,1400.0,0.0,771.0,0,1,0
632,42700.0,1130.0,0.0,642.0,0,1,0
633,42600.0,1330.0,219.0,686.0,1,0,0
634,36700.0,1260.0,0.0,524.0,0,1,0
635,41300.0,1280.0,0.0,787.0,0,1,0
636,35300.0,770.0,0.0,873.0,1,0,0
637,36700.0,900.0,2235.0,413.0,0,1,0
638,33700.0,910.0,424.0,551.0,0,1,0
639,37400.0,1060.0,0.0,527.0,0,1,0
640,37200.0,1620.0,0.0,952.0,1,0,1
641,29900.0,1640.0,0.0,367.0,0,1,0
643,37500.0,1660.0,733.0,528.0,1,0,0
644,39100.0,1250.0,1010.0,292.0,0,1,0
645,33700.0,930.0,989.0,747.0,0,1,0
646,34700.0,970.0,220.0,524.0,0,1,0
647,42700.0,1590.0,1621.0,687.0,0,1,0
648,35900.0,1220.0,0.0,604.0,1,0,0
649,34500.0,1060.0,0.0,743.0,0,1,0
650,55600.0,1560.0,0.0,1000.0,1,0,0
651,38900.0,1220.0,2554.0,392.0,0,1,0
652,39300.0,1030.0,0.0,764.0,1,0,0
653,47000.0,1370.0,1197.0,640.0,0,1,0
654,47500.0,1430.0,2730.0,495.0,0,1,0
655,49400.0,760.0,1104.0,902.0,0,1,0
656,32600.0,860.0,1540.0,486.0,0,1,0
657,46300.0,880.0,0.0,869.0,0,1,0
658,36000.0,1510.0,0.0,290.0,1,0,0
659,44900.0,1180.0,0.0,579.0,0,1,0
660,38400.0,1650.0,30.0,921.0,0,1,0
661,28400.0,1240.0,0.0,824.0,1,0,0
662,42100.0,910.0,0.0,546.0,1,0,0
663,40400.0,920.0,1323.0,392.0,0,1,0
664,35400.0,1420.0,0.0,813.0,0,1,0
665,33300.0,700.0,0.0,361.0,0,1,0
666,33500.0,1630.0,893.0,633.0,0,1,0
667,42200.0,1640.0,0.0,795.0,0,1,0
668,41300.0,980.0,460.0,662.0,0,1,0
669,43400.0,1170.0,1648.0,480.0,0,1,0
670,28700.0,1020.0,0.0,733.0,0,1,0
671,23100.0,1210.0,500.0,387.0,1,0,0
672,50600.0,1540.0,0.0,463.0,0,1,0
673,41400.0,1550.0,2389.0,474.0,0,1,0
674,48200.0,1800.0,551.0,935.0,1,0,0
675,39900.0,1460.0,0.0,954.0,1,0,0
676,40300.0,1300.0,0.0,905.0,0,1,0
677,45800.0,1700.0,0.0,982.0,0,1,0
678,32000.0,1240.0,0.0,647.0,0,1,0
679,41300.0,840.0,861.0,638.0,0,1,0
680,40100.0,1370.0,0.0,726.0,0,1,0
681,42700.0,840.0,0.0,748.0,0,1,0
682,37800.0,1850.0,2788.0,279.0,0,1,1
683,45400.0,1710.0,3566.0,326.0,1,0,1
684,45300.0,1150.0,343.0,555.0,0,1,0
685,34100.0,640.0,0.0,626.0,1,0,0
686,35000.0,1500.0,395.0,403.0,0,1,0
687,39100.0,1300.0,0.0,529.0,0,1,0
688,34000.0,770.0,0.0,828.0,0,1,0
689,37500.0,740.0,0.0,809.0,1,0,0
690,40900.0,1130.0,573.0,604.0,0,1,0
691,41500.0,1590.0,171.0,892.0,0,1,0
692,39200.0,1630.0,790.0,714.0,1,0,1
693,42000.0,1010.0,1423.0,492.0,1,0,0
694,38500.0,1080.0,303.0,650.0,1,0,0
695,41500.0,1050.0,0.0,549.0,1,0,0
696,35700.0,770.0,478.0,701.0,0,1,0
697,35600.0,1150.0,0.0,648.0,1,0,0
698,40500.0,1670.0,28.0,691.0,1,0,0
699,46100.0,1170.0,2682.0,598.0,1,0,0
700,45700.0,1110.0,173.0,898.0,0,1,0
701,42900.0,1550.0,0.0,837.0,0,1,0
702,38100.0,1810.0,1599.0,685.0,0,1,0
703,42700.0,1090.0,0.0,592.0,1,0,0
704,29100.0,1730.0,325.0,640.0,0,1,0
705,40400.0,1260.0,0.0,1000.0,0,1,0
706,39100.0,1110.0,0.0,843.0,1,0,0
707,41300.0,1340.0,0.0,996.0,1,0,0
708,30800.0,1560.0,3018.0,199.0,0,1,1
709,38700.0,1390.0,0.0,903.0,0,1,0
710,27500.0,1330.0,1402.0,388.0,0,1,0
711,45700.0,1270.0,0.0,821.0,0,1,0
712,42800.0,1170.0,0.0,659.0,1,0,0
713,47900.0,1080.0,1443.0,639.0,1,0,0
714,35900.0,690.0,0.0,462.0,1,0,0
715,39800.0,1570.0,991.0,520.0,0,1,0
716,34000.0,710.0,0.0,756.0,0,1,0
717,36500.0,1100.0,0.0,812.0,1,0,0
718,41200.0,1230.0,0.0,842.0,1,0,0
719,30900.0,1370.0,918.0,341.0,1,0,0
720,38800.0,1350.0,197.0,873.0,1,0,0
721,36400.0,1270.0,1367.0,498.0,0,1,0
722,43600.0,1270.0,0.0,797.0,0,1,0
723,42800.0,1460.0,0.0,692.0,0,1,0
724,35000.0,1390.0,0.0,718.0,1,0,0
725,48400.0,1080.0,946.0,422.0,0,1,0
726,28000.0,1200.0,0.0,477.0,1,0,0
727,55100.0,1690.0,3806.0,323.0,0,1,0
728,63700.0,1170.0,1408.0,1000.0,0,1,0
729,67900.0,1910.0,0.0,1000.0,1,0,0
730,46400.0,1660.0,2341.0,989.0,1,0,0
731,50700.0,1520.0,3336.0,649.0,1,0,0
732,63700.0,2070.0,1771.0,1000.0,1,0,0
733,47300.0,2080.0,0.0,831.0,0,1,0
734,58500.0,1710.0,4835.0,804.0,1,0,0
735,63100.0,2030.0,2860.0,976.0,0,1,0
736,54600.0,1970.0,467.0,1000.0,0,1,0
737,50500.0,1610.0,1613.0,649.0,0,1,0
738,63400.0,1580.0,1468.0,902.0,0,1,0
739,62000.0,2340.0,4155.0,782.0,0,1,0
740,59900.0,1900.0,4502.0,627.0,1,0,0
741,55800.0,1580.0,2584.0,1000.0,1,0,0
742,52400.0,1740.0,0.0,1000.0,0,1,0
743,46100.0,1730.0,0.0,865.0,1,0,0
744,58200.0,2240.0,0.0,1000.0,0,1,0
745,62900.0,1750.0,0.0,1000.0,0,1,0
746,61200.0,1640.0,0.0,936.0,0,1,0
747,44800.0,1450.0,2085.0,913.0,0,1,0
748,57800.0,2500.0,1165.0,954.0,1,0,0
749,58600.0,1270.0,3732.0,959.0,1,0,0
750,57800.0,1790.0,2777.0,918.0,1,0,0
751,44800.0,2530.0,2345.0,737.0,0,1,0
752,56200.0,920.0,1995.0,1000.0,0,1,0
754,58100.0,1350.0,2264.0,878.0,0,1,0
755,51800.0,1050.0,0.0,814.0,0,1,0
756,66200.0,1700.0,0.0,1000.0,1,0,0
757,63700.0,1630.0,1912.0,1000.0,0,1,0
758,64000.0,2420.0,0.0,1000.0,0,1,0
759,61700.0,1380.0,0.0,629.0,1,0,0
760,56300.0,2020.0,2542.0,957.0,1,0,0
761,69500.0,1060.0,2967.0,990.0,0,1,0
762,56000.0,2160.0,0.0,1000.0,0,1,0
763,59900.0,2120.0,5531.0,642.0,0,1,0
764,62300.0,1390.0,0.0,822.0,0,1,0
765,56400.0,2340.0,1291.0,946.0,1,0,0
766,76900.0,1590.0,1085.0,828.0,0,1,0
767,56200.0,1720.0,1482.0,945.0,0,1,0
768,61000.0,1340.0,1867.0,861.0,1,0,0
769,60400.0,1890.0,0.0,1000.0,1,0,0
770,53100.0,820.0,0.0,777.0,1,0,0
771,53400.0,2470.0,0.0,671.0,0,1,0
772,49600.0,2250.0,72.0,1000.0,1,0,0
773,45800.0,1600.0,0.0,915.0,1,0,0
774,53200.0,1310.0,0.0,360.0,1,0,0
775,62500.0,2100.0,1722.0,1000.0,1,0,0
776,60400.0,1390.0,0.0,1000.0,1,0,0
777,54600.0,1560.0,2621.0,664.0,0,1,0
778,66200.0,1240.0,1816.0,1000.0,0,1,0
779,67600.0,1240.0,0.0,851.0,0,1,0
780,59300.0,2350.0,0.0,1000.0,1,0,0
781,65400.0,2030.0,0.0,1000.0,1,0,0
782,65500.0,1120.0,0.0,1000.0,1,0,0
783,53900.0,1160.0,1874.0,930.0,0,1,0
784,52100.0,1690.0,2241.0,934.0,1,0,0
785,57300.0,1360.0,7279.0,102.0,1,0,1
786,64500.0,1960.0,4494.0,607.0,0,1,0
787,76500.0,4860.0,0.0,1000.0,0,1,0
788,78500.0,4160.0,7612.0,902.0,1,0,0
789,73500.0,6020.0,4513.0,512.0,1,0,0
790,86000.0,5570.0,8826.0,837.0,0,1,0
791,81800.0,3750.0,0.0,1000.0,1,0,0
792,78700.0,4220.0,2561.0,1000.0,1,0,0
793,68700.0,5350.0,6397.0,839.0,0,1,0
794,79800.0,3770.0,7300.0,881.0,0,1,0
795,78400.0,4320.0,0.0,1000.0,0,1,0
796,76600.0,5110.0,5761.0,943.0,1,0,0
797,61700.0,4920.0,0.0,1000.0,0,1,0
798,82100.0,5720.0,0.0,1000.0,0,1,0
799,75300.0,4210.0,0.0,1000.0,1,0,0
800,81900.0,3020.0,7620.0,818.0,1,0,0
801,79900.0,3720.0,12891.0,0.0,0,1,1
802,43200.0,1340.0,0.0,684.0,1,0,0
803,11800.0,1070.0,0.0,193.0,1,0,1
804,61800.0,1110.0,1565.0,585.0,1,0,1
805,33900.0,1600.0,0.0,590.0,1,0,0
806,31400.0,1310.0,0.0,888.0,1,0,0
807,44000.0,1770.0,1950.0,58.0,0,1,0
808,32100.0,1880.0,0.0,645.0,1,0,0
809,30200.0,1810.0,0.0,557.0,1,0,0
810,46300.0,1680.0,1159.0,292.0,1,0,0
811,29900.0,2190.0,1071.0,453.0,1,0,0
812,33200.0,690.0,570.0,564.0,0,1,0
813,26900.0,2080.0,3318.0,125.0,1,0,1
814,28400.0,2550.0,1365.0,421.0,1,0,0
815,29100.0,990.0,1258.0,441.0,1,0,0
816,46000.0,2060.0,1855.0,649.0,1,0,0
817,37600.0,1000.0,695.0,830.0,1,0,0
818,34900.0,730.0,0.0,762.0,0,1,0
819,31400.0,1080.0,0.0,829.0,1,0,0
820,38500.0,1620.0,0.0,875.0,1,0,0
821,34800.0,720.0,0.0,777.0,1,0,0
822,43700.0,1680.0,0.0,856.0,1,0,0
823,44000.0,1550.0,0.0,950.0,1,0,0
824,22400.0,1040.0,1228.0,292.0,0,1,0
825,51700.0,970.0,6409.0,92.0,1,0,1
826,44200.0,810.0,293.0,908.0,1,0,0
827,34200.0,1320.0,0.0,928.0,1,0,0
828,24100.0,1060.0,0.0,459.0,1,0,0
829,37800.0,1760.0,1094.0,762.0,0,1,0
830,39500.0,1170.0,0.0,909.0,1,0,0
831,30900.0,1580.0,2840.0,171.0,0,1,1
832,35700.0,2380.0,0.0,740.0,1,0,0
833,24200.0,890.0,0.0,629.0,1,0,0
834,29300.0,1040.0,2265.0,192.0,1,0,1
835,44000.0,1240.0,0.0,933.0,0,1,0
836,28100.0,2110.0,492.0,492.0,1,0,0
837,23900.0,640.0,0.0,452.0,0,1,0
838,34900.0,1600.0,1386.0,560.0,0,1,0
839,33700.0,1960.0,0.0,884.0,0,1,0
840,24200.0,1880.0,0.0,455.0,1,0,0
841,36100.0,1570.0,0.0,984.0,0,1,0
842,23500.0,1310.0,0.0,461.0,1,0,0
843,24800.0,1490.0,1558.0,340.0,0,1,0
844,36400.0,2330.0,790.0,768.0,1,0,0
845,27700.0,980.0,0.0,776.0,1,0,0
846,40700.0,1000.0,0.0,664.0,1,0,0
847,26300.0,1760.0,0.0,489.0,1,0,0
848,29200.0,1500.0,0.0,755.0,1,0,0
849,36200.0,1510.0,0.0,812.0,0,1,0
850,27000.0,1510.0,0.0,436.0,0,1,0
851,30000.0,1270.0,3779.0,52.0,1,0,1
852,42500.0,1550.0,0.0,779.0,1,0,0
853,36400.0,1830.0,3032.0,360.0,1,0,1
854,42200.0,1500.0,2498.0,417.0,1,0,0
855,30800.0,1190.0,2355.0,177.0,1,0,1
